#Problem,Name,Difficulty,Leetcode Links,Progress
1,Two Sum,Easy,https://leetcode.com/problems/two-sum,Done
482,License Key Formatting,Easy,https://leetcode.com/problems/license-key-formatting,Done
686,Repeated String Match,Easy,https://leetcode.com/problems/repeated-string-match,
844,Backspace String Compare,Easy,https://leetcode.com/problems/backspace-string-compare,
346,Moving Average from Data Stream,Easy,https://leetcode.com/problems/moving-average-from-data-stream,
66,Plus One,Easy,https://leetcode.com/problems/plus-one,
734,Sentence Similarity,Easy,https://leetcode.com/problems/sentence-similarity,
359,Logger Rate Limiter,Easy,https://leetcode.com/problems/logger-rate-limiter,
299,Bulls and Cows,Easy,https://leetcode.com/problems/bulls-and-cows,
246,Strobogrammatic Number,Easy,https://leetcode.com/problems/strobogrammatic-number,
205,Isomorphic Strings,Easy,https://leetcode.com/problems/isomorphic-strings,
766,Toeplitz Matrix,Easy,https://leetcode.com/problems/toeplitz-matrix,
157,Read N Characters Given Read4,Easy,https://leetcode.com/problems/read-n-characters-given-read4,
345,Reverse Vowels of a String,Easy,https://leetcode.com/problems/reverse-vowels-of-a-string,
849,Maximize Distance to Closest Person,Easy,https://leetcode.com/problems/maximize-distance-to-closest-person,
276,Paint Fence,Easy,https://leetcode.com/problems/paint-fence,
687,Longest Univalue Path,Easy,https://leetcode.com/problems/longest-univalue-path,
20,Valid Parentheses,Easy,https://leetcode.com/problems/valid-parentheses,
226,Invert Binary Tree,Easy,https://leetcode.com/problems/invert-binary-tree,
1170,Compare Strings by Frequency of the Smallest Character,Easy,https://leetcode.com/problems/compare-strings-by-frequency-of-the-smallest-character,
401,Binary Watch,Easy,https://leetcode.com/problems/binary-watch,
788,Rotated Digits,Easy,https://leetcode.com/problems/rotated-digits,
38,Count and Say,Easy,https://leetcode.com/problems/count-and-say,
447,Number of Boomerangs,Easy,https://leetcode.com/problems/number-of-boomerangs,
293,Flip Game,Easy,https://leetcode.com/problems/flip-game,
459,Repeated Substring Pattern,Easy,https://leetcode.com/problems/repeated-substring-pattern,
53,Maximum Subarray,Easy,https://leetcode.com/problems/maximum-subarray,
155,Min Stack,Easy,https://leetcode.com/problems/min-stack,
800,Similar RGB Color,Easy,https://leetcode.com/problems/similar-rgb-color,
168,Excel Sheet Column Title,Easy,https://leetcode.com/problems/excel-sheet-column-title,
475,Heaters,Easy,https://leetcode.com/problems/heaters,
463,Island Perimeter,Easy,https://leetcode.com/problems/island-perimeter,
266,Palindrome Permutation,Easy,https://leetcode.com/problems/palindrome-permutation,
392,Is Subsequence,Easy,https://leetcode.com/problems/is-subsequence,
171,Excel Sheet Column Number,Easy,https://leetcode.com/problems/excel-sheet-column-number,
852,Peak Index in a Mountain Array,Easy,https://leetcode.com/problems/peak-index-in-a-mountain-array,
121,Best Time to Buy and Sell Stock,Easy,https://leetcode.com/problems/best-time-to-buy-and-sell-stock,
21,Merge Two Sorted Lists,Easy,https://leetcode.com/problems/merge-two-sorted-lists,
198,House Robber,Easy,https://leetcode.com/problems/house-robber,
840,Magic Squares In Grid,Easy,https://leetcode.com/problems/magic-squares-in-grid,
206,Reverse Linked List,Easy,https://leetcode.com/problems/reverse-linked-list,
389,Find the Difference,Easy,https://leetcode.com/problems/find-the-difference,
1056,Confusing Number,Easy,https://leetcode.com/problems/confusing-number,
604,Design Compressed String Iterator,Easy,https://leetcode.com/problems/design-compressed-string-iterator,
760,Find Anagram Mappings,Easy,https://leetcode.com/problems/find-anagram-mappings,
283,Move Zeroes,Easy,https://leetcode.com/problems/move-zeroes,
543,Diameter of Binary Tree,Easy,https://leetcode.com/problems/diameter-of-binary-tree,
169,Majority Element,Easy,https://leetcode.com/problems/majority-element,
69,Sqrt(x),Easy,https://leetcode.com/problems/sqrtx,
14,Longest Common Prefix,Easy,https://leetcode.com/problems/longest-common-prefix,
242,Valid Anagram,Easy,https://leetcode.com/problems/valid-anagram,
7,Reverse Integer,Easy,https://leetcode.com/problems/reverse-integer,
110,Balanced Binary Tree,Easy,https://leetcode.com/problems/balanced-binary-tree,
108,Convert Sorted Array to Binary Search Tree,Easy,https://leetcode.com/problems/convert-sorted-array-to-binary-search-tree,
551,Student Attendance Record I,Easy,https://leetcode.com/problems/student-attendance-record-i,
202,Happy Number,Easy,https://leetcode.com/problems/happy-number,
422,Valid Word Square,Easy,https://leetcode.com/problems/valid-word-square,
836,Rectangle Overlap,Easy,https://leetcode.com/problems/rectangle-overlap,
167,Two Sum II - Input array is sorted,Easy,https://leetcode.com/problems/two-sum-ii-input-array-is-sorted,
412,Fizz Buzz,Easy,https://leetcode.com/problems/fizz-buzz,
270,Closest Binary Search Tree Value,Easy,https://leetcode.com/problems/closest-binary-search-tree-value,
235,Lowest Common Ancestor of a Binary Search Tree,Easy,https://leetcode.com/problems/lowest-common-ancestor-of-a-binary-search-tree,
415,Add Strings,Easy,https://leetcode.com/problems/add-strings,
408,Valid Word Abbreviation,Easy,https://leetcode.com/problems/valid-word-abbreviation,
252,Meeting Rooms,Easy,https://leetcode.com/problems/meeting-rooms,
724,Find Pivot Index,Easy,https://leetcode.com/problems/find-pivot-index,
914,X of a Kind in a Deck of Cards,Easy,https://leetcode.com/problems/x-of-a-kind-in-a-deck-of-cards,
118,Pascal's Triangle,Easy,https://leetcode.com/problems/pascals-triangle,
104,Maximum Depth of Binary Tree,Easy,https://leetcode.com/problems/maximum-depth-of-binary-tree,
303,Range Sum Query - Immutable,Easy,https://leetcode.com/problems/range-sum-query-immutable,
231,Power of Two,Easy,https://leetcode.com/problems/power-of-two,
13,Roman to Integer,Easy,https://leetcode.com/problems/roman-to-integer,
268,Missing Number,Easy,https://leetcode.com/problems/missing-number,
344,Reverse String,Easy,https://leetcode.com/problems/reverse-string,
941,Valid Mountain Array,Easy,https://leetcode.com/problems/valid-mountain-array,
720,Longest Word in Dictionary,Easy,https://leetcode.com/problems/longest-word-in-dictionary,
70,Climbing Stairs,Easy,https://leetcode.com/problems/climbing-stairs,
771,Jewels and Stones,Easy,https://leetcode.com/problems/jewels-and-stones,
804,Unique Morse Code Words,Easy,https://leetcode.com/problems/unique-morse-code-words,
101,Symmetric Tree,Easy,https://leetcode.com/problems/symmetric-tree,
9,Palindrome Number,Easy,https://leetcode.com/problems/palindrome-number,
748,Shortest Completing Word,Easy,https://leetcode.com/problems/shortest-completing-word,
219,Contains Duplicate II,Easy,https://leetcode.com/problems/contains-duplicate-ii,
1165,Single-Row Keyboard,Easy,https://leetcode.com/problems/single-row-keyboard,
191,Number of 1 Bits,Easy,https://leetcode.com/problems/number-of-1-bits,
830,Positions of Large Groups,Easy,https://leetcode.com/problems/positions-of-large-groups,
278,First Bad Version,Easy,https://leetcode.com/problems/first-bad-version,
243,Shortest Word Distance,Easy,https://leetcode.com/problems/shortest-word-distance,
160,Intersection of Two Linked Lists,Easy,https://leetcode.com/problems/intersection-of-two-linked-lists,
349,Intersection of Two Arrays,Easy,https://leetcode.com/problems/intersection-of-two-arrays,
443,String Compression,Easy,https://leetcode.com/problems/string-compression,
195,Tenth Line,Easy,https://leetcode.com/problems/tenth-line,
175,Combine Two Tables,Easy,https://leetcode.com/problems/combine-two-tables,
933,Number of Recent Calls,Easy,https://leetcode.com/problems/number-of-recent-calls,
409,Longest Palindrome,Easy,https://leetcode.com/problems/longest-palindrome,
572,Subtree of Another Tree,Easy,https://leetcode.com/problems/subtree-of-another-tree,
806,Number of Lines To Write String,Easy,https://leetcode.com/problems/number-of-lines-to-write-string,
136,Single Number,Easy,https://leetcode.com/problems/single-number,
733,Flood Fill,Easy,https://leetcode.com/problems/flood-fill,
122,Best Time to Buy and Sell Stock II,Easy,https://leetcode.com/problems/best-time-to-buy-and-sell-stock-ii,
387,First Unique Character in a String,Easy,https://leetcode.com/problems/first-unique-character-in-a-string,
374,Guess Number Higher or Lower,Easy,https://leetcode.com/problems/guess-number-higher-or-lower,
232,Implement Queue using Stacks,Easy,https://leetcode.com/problems/implement-queue-using-stacks,
977,Squares of a Sorted Array,Easy,https://leetcode.com/problems/squares-of-a-sorted-array,
690,Employee Importance,Easy,https://leetcode.com/problems/employee-importance,
26,Remove Duplicates from Sorted Array,Easy,https://leetcode.com/problems/remove-duplicates-from-sorted-array,
290,Word Pattern,Easy,https://leetcode.com/problems/word-pattern,
1047,Remove All Adjacent Duplicates In String,Easy,https://leetcode.com/problems/remove-all-adjacent-duplicates-in-string,
716,Max Stack,Easy,https://leetcode.com/problems/max-stack,
125,Valid Palindrome,Easy,https://leetcode.com/problems/valid-palindrome,
350,Intersection of Two Arrays II,Easy,https://leetcode.com/problems/intersection-of-two-arrays-ii,
141,Linked List Cycle,Easy,https://leetcode.com/problems/linked-list-cycle,
504,Base 7,Easy,https://leetcode.com/problems/base-7,
28,Implement strStr(),Easy,https://leetcode.com/problems/implement-strstr,
859,Buddy Strings,Easy,https://leetcode.com/problems/buddy-strings,
821,Shortest Distance to a Character,Easy,https://leetcode.com/problems/shortest-distance-to-a-character,
448,Find All Numbers Disappeared in an Array,Easy,https://leetcode.com/problems/find-all-numbers-disappeared-in-an-array,
237,Delete Node in a Linked List,Easy,https://leetcode.com/problems/delete-node-in-a-linked-list,
88,Merge Sorted Array,Easy,https://leetcode.com/problems/merge-sorted-array,
119,Pascal's Triangle II,Easy,https://leetcode.com/problems/pascals-triangle-ii,
706,Design HashMap,Easy,https://leetcode.com/problems/design-hashmap,
703,Kth Largest Element in a Stream,Easy,https://leetcode.com/problems/kth-largest-element-in-a-stream,
204,Count Primes,Easy,https://leetcode.com/problems/count-primes,
1021,Remove Outermost Parentheses,Easy,https://leetcode.com/problems/remove-outermost-parentheses,
758,Bold Words in String,Easy,https://leetcode.com/problems/bold-words-in-string,
1237,Find Positive Integer Solution for a Given Equation,Easy,https://leetcode.com/problems/find-positive-integer-solution-for-a-given-equation,
949,Largest Time for Given Digits,Easy,https://leetcode.com/problems/largest-time-for-given-digits,
35,Search Insert Position,Easy,https://leetcode.com/problems/search-insert-position,
1114,Print in Order,Easy,https://leetcode.com/problems/print-in-order,
530,Minimum Absolute Difference in BST,Easy,https://leetcode.com/problems/minimum-absolute-difference-in-bst,
501,Find Mode in Binary Search Tree,Easy,https://leetcode.com/problems/find-mode-in-binary-search-tree,
496,Next Greater Element I,Easy,https://leetcode.com/problems/next-greater-element-i,
747,Largest Number At Least Twice of Others,Easy,https://leetcode.com/problems/largest-number-at-least-twice-of-others,
176,Second Highest Salary,Easy,https://leetcode.com/problems/second-highest-salary,
665,Non-decreasing Array,Easy,https://leetcode.com/problems/non-decreasing-array,
925,Long Pressed Name,Easy,https://leetcode.com/problems/long-pressed-name,
942,DI String Match,Easy,https://leetcode.com/problems/di-string-match,
832,Flipping an Image,Easy,https://leetcode.com/problems/flipping-an-image,
234,Palindrome Linked List,Easy,https://leetcode.com/problems/palindrome-linked-list,
190,Reverse Bits,Easy,https://leetcode.com/problems/reverse-bits,
705,Design HashSet,Easy,https://leetcode.com/problems/design-hashset,
100,Same Tree,Easy,https://leetcode.com/problems/same-tree,
27,Remove Element,Easy,https://leetcode.com/problems/remove-element,
83,Remove Duplicates from Sorted List,Easy,https://leetcode.com/problems/remove-duplicates-from-sorted-list,
404,Sum of Left Leaves,Easy,https://leetcode.com/problems/sum-of-left-leaves,
965,Univalued Binary Tree,Easy,https://leetcode.com/problems/univalued-binary-tree,
326,Power of Three,Easy,https://leetcode.com/problems/power-of-three,
414,Third Maximum Number,Easy,https://leetcode.com/problems/third-maximum-number,
181,Employees Earning More Than Their Managers,Easy,https://leetcode.com/problems/employees-earning-more-than-their-managers,
67,Add Binary,Easy,https://leetcode.com/problems/add-binary,
1029,Two City Scheduling,Easy,https://leetcode.com/problems/two-city-scheduling,
938,Range Sum of BST,Easy,https://leetcode.com/problems/range-sum-of-bst,
1025,Divisor Game,Easy,https://leetcode.com/problems/divisor-game,
1122,Relative Sort Array,Easy,https://leetcode.com/problems/relative-sort-array,
812,Largest Triangle Area,Easy,https://leetcode.com/problems/largest-triangle-area,
669,Trim a Binary Search Tree,Easy,https://leetcode.com/problems/trim-a-binary-search-tree,
674,Longest Continuous Increasing Subsequence,Easy,https://leetcode.com/problems/longest-continuous-increasing-subsequence,
872,Leaf-Similar Trees,Easy,https://leetcode.com/problems/leaf-similar-trees,
717,1-bit and 2-bit Characters,Easy,https://leetcode.com/problems/1-bit-and-2-bit-characters,
559,Maximum Depth of N-ary Tree,Easy,https://leetcode.com/problems/maximum-depth-of-n-ary-tree,
257,Binary Tree Paths,Easy,https://leetcode.com/problems/binary-tree-paths,
367,Valid Perfect Square,Easy,https://leetcode.com/problems/valid-perfect-square,
1108,Defanging an IP Address,Easy,https://leetcode.com/problems/defanging-an-ip-address,
682,Baseball Game,Easy,https://leetcode.com/problems/baseball-game,
581,Shortest Unsorted Continuous Subarray,Easy,https://leetcode.com/problems/shortest-unsorted-continuous-subarray,
203,Remove Linked List Elements,Easy,https://leetcode.com/problems/remove-linked-list-elements,
989,Add to Array-Form of Integer,Easy,https://leetcode.com/problems/add-to-array-form-of-integer,
657,Robot Return to Origin,Easy,https://leetcode.com/problems/robot-return-to-origin,
997,Find the Town Judge,Easy,https://leetcode.com/problems/find-the-town-judge,
485,Max Consecutive Ones,Easy,https://leetcode.com/problems/max-consecutive-ones,
811,Subdomain Visit Count,Easy,https://leetcode.com/problems/subdomain-visit-count,
905,Sort Array By Parity,Easy,https://leetcode.com/problems/sort-array-by-parity,
1099,Two Sum Less Than K,Easy,https://leetcode.com/problems/two-sum-less-than-k,
680,Valid Palindrome II,Easy,https://leetcode.com/problems/valid-palindrome-ii,
819,Most Common Word,Easy,https://leetcode.com/problems/most-common-word,
643,Maximum Average Subarray I,Easy,https://leetcode.com/problems/maximum-average-subarray-i,
1179,Reformat Department Table,Easy,https://leetcode.com/problems/reformat-department-table,
917,Reverse Only Letters,Easy,https://leetcode.com/problems/reverse-only-letters,
709,To Lower Case,Easy,https://leetcode.com/problems/to-lower-case,
1342,Number of Steps to Reduce a Number to Zero,Easy,https://leetcode.com/problems/number-of-steps-to-reduce-a-number-to-zero,
783,Minimum Distance Between BST Nodes,Easy,https://leetcode.com/problems/minimum-distance-between-bst-nodes,
1051,Height Checker,Easy,https://leetcode.com/problems/height-checker,
541,Reverse String II,Easy,https://leetcode.com/problems/reverse-string-ii,
1089,Duplicate Zeros,Easy,https://leetcode.com/problems/duplicate-zeros,
1365,How Many Numbers Are Smaller Than the Current Number,Easy,https://leetcode.com/problems/how-many-numbers-are-smaller-than-the-current-number,
1313,Decompress Run-Length Encoded List,Easy,https://leetcode.com/problems/decompress-run-length-encoded-list,
1281,Subtract the Product and Sum of Digits of an Integer,Easy,https://leetcode.com/problems/subtract-the-product-and-sum-of-digits-of-an-integer,
1480,Running Sum of 1d Array,Easy,https://leetcode.com/problems/running-sum-of-1d-array,
700,Search in a Binary Search Tree,Easy,https://leetcode.com/problems/search-in-a-binary-search-tree,
506,Relative Ranks,Easy,https://leetcode.com/problems/relative-ranks,
520,Detect Capital,Easy,https://leetcode.com/problems/detect-capital,
521,Longest Uncommon Subsequence I,Easy,https://leetcode.com/problems/longest-uncommon-subsequence-i,
944,Delete Columns to Make Sorted,Easy,https://leetcode.com/problems/delete-columns-to-make-sorted,
1037,Valid Boomerang,Easy,https://leetcode.com/problems/valid-boomerang,
1078,Occurrences After Bigram,Easy,https://leetcode.com/problems/occurrences-after-bigram,
1287,Element Appearing More Than 25% In Sorted Array,Easy,https://leetcode.com/problems/element-appearing-more-than-25-in-sorted-array,
1331,Rank Transform of an Array,Easy,https://leetcode.com/problems/rank-transform-of-an-array,
1184,Distance Between Bus Stops,Easy,https://leetcode.com/problems/distance-between-bus-stops,
1207,Unique Number of Occurrences,Easy,https://leetcode.com/problems/unique-number-of-occurrences,
1346,Check If N and Its Double Exist,Easy,https://leetcode.com/problems/check-if-n-and-its-double-exist,
1422,Maximum Score After Splitting a String,Easy,https://leetcode.com/problems/maximum-score-after-splitting-a-string,
1441,Build an Array With Stack Operations,Easy,https://leetcode.com/problems/build-an-array-with-stack-operations,
1544,Make The String Great,Easy,https://leetcode.com/problems/make-the-string-great,
683,K Empty Slots,Hard,https://leetcode.com/problems/k-empty-slots,
308,Range Sum Query 2D - Mutable,Hard,https://leetcode.com/problems/range-sum-query-2d-mutable,
843,Guess the Word,Hard,https://leetcode.com/problems/guess-the-word,
489,Robot Room Cleaner,Hard,https://leetcode.com/problems/robot-room-cleaner,
975,Odd Even Jump,Hard,https://leetcode.com/problems/odd-even-jump,
753,Cracking the Safe,Hard,https://leetcode.com/problems/cracking-the-safe,
642,Design Search Autocomplete System,Hard,https://leetcode.com/problems/design-search-autocomplete-system,
340,Longest Substring with At Most K Distinct Characters,Hard,https://leetcode.com/problems/longest-substring-with-at-most-k-distinct-characters,
568,Maximum Vacation Days,Hard,https://leetcode.com/problems/maximum-vacation-days,
410,Split Array Largest Sum,Hard,https://leetcode.com/problems/split-array-largest-sum,
857,Minimum Cost to Hire K Workers,Hard,https://leetcode.com/problems/minimum-cost-to-hire-k-workers,
42,Trapping Rain Water,Hard,https://leetcode.com/problems/trapping-rain-water,
218,The Skyline Problem,Hard,https://leetcode.com/problems/the-skyline-problem,
248,Strobogrammatic Number III,Hard,https://leetcode.com/problems/strobogrammatic-number-iii,
296,Best Meeting Point,Hard,https://leetcode.com/problems/best-meeting-point,
774,Minimize Max Distance to Gas Station,Hard,https://leetcode.com/problems/minimize-max-distance-to-gas-station,
425,Word Squares,Hard,https://leetcode.com/problems/word-squares,
471,Encode String with Shortest Length,Hard,https://leetcode.com/problems/encode-string-with-shortest-length,
679,24 Game,Hard,https://leetcode.com/problems/24-game,
149,Max Points on a Line,Hard,https://leetcode.com/problems/max-points-on-a-line,
305,Number of Islands II,Hard,https://leetcode.com/problems/number-of-islands-ii,
1096,Brace Expansion II,Hard,https://leetcode.com/problems/brace-expansion-ii,
158,Read N Characters Given Read4 II - Call multiple times,Hard,https://leetcode.com/problems/read-n-characters-given-read4-ii-call-multiple-times,
465,Optimal Account Balancing,Hard,https://leetcode.com/problems/optimal-account-balancing,
4,Median of Two Sorted Arrays,Hard,https://leetcode.com/problems/median-of-two-sorted-arrays,
68,Text Justification,Hard,https://leetcode.com/problems/text-justification,
803,Bricks Falling When Hit,Hard,https://leetcode.com/problems/bricks-falling-when-hit,
317,Shortest Distance from All Buildings,Hard,https://leetcode.com/problems/shortest-distance-from-all-buildings,
1153,String Transforms Into Another String,Hard,https://leetcode.com/problems/string-transforms-into-another-string,
1088,Confusing Number II,Hard,https://leetcode.com/problems/confusing-number-ii,
315,Count of Smaller Numbers After Self,Hard,https://leetcode.com/problems/count-of-smaller-numbers-after-self,
1231,Divide Chocolate,Hard,https://leetcode.com/problems/divide-chocolate,
818,Race Car,Hard,https://leetcode.com/problems/race-car,
1168,Optimize Water Distribution in a Village,Hard,https://leetcode.com/problems/optimize-water-distribution-in-a-village,
10,Regular Expression Matching,Hard,https://leetcode.com/problems/regular-expression-matching,
23,Merge k Sorted Lists,Hard,https://leetcode.com/problems/merge-k-sorted-lists,
329,Longest Increasing Path in a Matrix,Hard,https://leetcode.com/problems/longest-increasing-path-in-a-matrix,
57,Insert Interval,Hard,https://leetcode.com/problems/insert-interval,
85,Maximal Rectangle,Hard,https://leetcode.com/problems/maximal-rectangle,
736,Parse Lisp Expression,Hard,https://leetcode.com/problems/parse-lisp-expression,
727,Minimum Window Subsequence,Hard,https://leetcode.com/problems/minimum-window-subsequence,
527,Word Abbreviation,Hard,https://leetcode.com/problems/word-abbreviation,
295,Find Median from Data Stream,Hard,https://leetcode.com/problems/find-median-from-data-stream,
913,Cat and Mouse,Hard,https://leetcode.com/problems/cat-and-mouse,
552,Student Attendance Record II,Hard,https://leetcode.com/problems/student-attendance-record-ii,
76,Minimum Window Substring,Hard,https://leetcode.com/problems/minimum-window-substring,
363,Max Sum of Rectangle No Larger Than K,Hard,https://leetcode.com/problems/max-sum-of-rectangle-no-larger-than-k,
297,Serialize and Deserialize Binary Tree,Hard,https://leetcode.com/problems/serialize-and-deserialize-binary-tree,
224,Basic Calculator,Hard,https://leetcode.com/problems/basic-calculator,
715,Range Module,Hard,https://leetcode.com/problems/range-module,
403,Frog Jump,Hard,https://leetcode.com/problems/frog-jump,
135,Candy,Hard,https://leetcode.com/problems/candy,
269,Alien Dictionary,Hard,https://leetcode.com/problems/alien-dictionary,
850,Rectangle Area II,Hard,https://leetcode.com/problems/rectangle-area-ii,
128,Longest Consecutive Sequence,Hard,https://leetcode.com/problems/longest-consecutive-sequence,
391,Perfect Rectangle,Hard,https://leetcode.com/problems/perfect-rectangle,
72,Edit Distance,Hard,https://leetcode.com/problems/edit-distance,
354,Russian Doll Envelopes,Hard,https://leetcode.com/problems/russian-doll-envelopes,
124,Binary Tree Maximum Path Sum,Hard,https://leetcode.com/problems/binary-tree-maximum-path-sum,
239,Sliding Window Maximum,Hard,https://leetcode.com/problems/sliding-window-maximum,
943,Find the Shortest Superstring,Hard,https://leetcode.com/problems/find-the-shortest-superstring,
745,Prefix and Suffix Search,Hard,https://leetcode.com/problems/prefix-and-suffix-search,
336,Palindrome Pairs,Hard,https://leetcode.com/problems/palindrome-pairs,
1032,Stream of Characters,Hard,https://leetcode.com/problems/stream-of-characters,
44,Wildcard Matching,Hard,https://leetcode.com/problems/wildcard-matching,
815,Bus Routes,Hard,https://leetcode.com/problems/bus-routes,
772,Basic Calculator III,Hard,https://leetcode.com/problems/basic-calculator-iii,
871,Minimum Number of Refueling Stops,Hard,https://leetcode.com/problems/minimum-number-of-refueling-stops,
685,Redundant Connection II,Hard,https://leetcode.com/problems/redundant-connection-ii,
1240,Tiling a Rectangle with the Fewest Squares,Hard,https://leetcode.com/problems/tiling-a-rectangle-with-the-fewest-squares,
407,Trapping Rain Water II,Hard,https://leetcode.com/problems/trapping-rain-water-ii,
411,Minimum Unique Word Abbreviation,Hard,https://leetcode.com/problems/minimum-unique-word-abbreviation,
41,First Missing Positive,Hard,https://leetcode.com/problems/first-missing-positive,
428,Serialize and Deserialize N-ary Tree,Hard,https://leetcode.com/problems/serialize-and-deserialize-n-ary-tree,
37,Sudoku Solver,Hard,https://leetcode.com/problems/sudoku-solver,
591,Tag Validator,Hard,https://leetcode.com/problems/tag-validator,
212,Word Search II,Hard,https://leetcode.com/problems/word-search-ii,
302,Smallest Rectangle Enclosing Black Pixels,Hard,https://leetcode.com/problems/smallest-rectangle-enclosing-black-pixels,
710,Random Pick with Blacklist,Hard,https://leetcode.com/problems/random-pick-with-blacklist,
358,Rearrange String k Distance Apart,Hard,https://leetcode.com/problems/rearrange-string-k-distance-apart,
84,Largest Rectangle in Histogram,Hard,https://leetcode.com/problems/largest-rectangle-in-histogram,
115,Distinct Subsequences,Hard,https://leetcode.com/problems/distinct-subsequences,
499,The Maze III,Hard,https://leetcode.com/problems/the-maze-iii,
1074,Number of Submatrices That Sum to Target,Hard,https://leetcode.com/problems/number-of-submatrices-that-sum-to-target,
126,Word Ladder II,Hard,https://leetcode.com/problems/word-ladder-ii,
460,LFU Cache,Hard,https://leetcode.com/problems/lfu-cache,
65,Valid Number,Hard,https://leetcode.com/problems/valid-number,
327,Count of Range Sum,Hard,https://leetcode.com/problems/count-of-range-sum,
1293,Shortest Path in a Grid with Obstacles Elimination,Hard,https://leetcode.com/problems/shortest-path-in-a-grid-with-obstacles-elimination,
282,Expression Add Operators,Hard,https://leetcode.com/problems/expression-add-operators,
381,Insert Delete GetRandom O(1) - Duplicates allowed,Hard,https://leetcode.com/problems/insert-delete-getrandom-o1-duplicates-allowed,
773,Sliding Puzzle,Hard,https://leetcode.com/problems/sliding-puzzle,
1547,Minimum Cost to Cut a Stick,Hard,https://leetcode.com/problems/minimum-cost-to-cut-a-stick,
97,Interleaving String,Hard,https://leetcode.com/problems/interleaving-string,
316,Remove Duplicate Letters,Hard,https://leetcode.com/problems/remove-duplicate-letters,
214,Shortest Palindrome,Hard,https://leetcode.com/problems/shortest-palindrome,
188,Best Time to Buy and Sell Stock IV,Hard,https://leetcode.com/problems/best-time-to-buy-and-sell-stock-iv,
920,Number of Music Playlists,Hard,https://leetcode.com/problems/number-of-music-playlists,
32,Longest Valid Parentheses,Hard,https://leetcode.com/problems/longest-valid-parentheses,
660,Remove 9,Hard,https://leetcode.com/problems/remove-9,
1284,Minimum Number of Flips to Convert Binary Matrix to Zero Matrix,Hard,https://leetcode.com/problems/minimum-number-of-flips-to-convert-binary-matrix-to-zero-matrix,
1320,Minimum Distance to Type a Word Using Two Fingers,Hard,https://leetcode.com/problems/minimum-distance-to-type-a-word-using-two-fingers,
1406,Stone Game III,Hard,https://leetcode.com/problems/stone-game-iii,
132,Palindrome Partitioning II,Hard,https://leetcode.com/problems/palindrome-partitioning-ii,
273,Integer to English Words,Hard,https://leetcode.com/problems/integer-to-english-words,
480,Sliding Window Median,Hard,https://leetcode.com/problems/sliding-window-median,
140,Word Break II,Hard,https://leetcode.com/problems/word-break-ii,
770,Basic Calculator IV,Hard,https://leetcode.com/problems/basic-calculator-iv,
335,Self Crossing,Hard,https://leetcode.com/problems/self-crossing,
1121,Divide Array Into Increasing Sequences,Hard,https://leetcode.com/problems/divide-array-into-increasing-sequences,
25,Reverse Nodes in k-Group,Hard,https://leetcode.com/problems/reverse-nodes-in-k-group,
1000,Minimum Cost to Merge Stones,Hard,https://leetcode.com/problems/minimum-cost-to-merge-stones,
99,Recover Binary Search Tree,Hard,https://leetcode.com/problems/recover-binary-search-tree,
732,My Calendar III,Hard,https://leetcode.com/problems/my-calendar-iii,
1036,Escape a Large Maze,Hard,https://leetcode.com/problems/escape-a-large-maze,
632,Smallest Range Covering Elements from K Lists,Hard,https://leetcode.com/problems/smallest-range-covering-elements-from-k-lists,
45,Jump Game II,Hard,https://leetcode.com/problems/jump-game-ii,
432,All O`one Data Structure,Hard,https://leetcode.com/problems/all-oone-data-structure,
887,Super Egg Drop,Hard,https://leetcode.com/problems/super-egg-drop,
1125,Smallest Sufficient Team,Hard,https://leetcode.com/problems/smallest-sufficient-team,
312,Burst Balloons,Hard,https://leetcode.com/problems/burst-balloons,
30,Substring with Concatenation of All Words,Hard,https://leetcode.com/problems/substring-with-concatenation-of-all-words,
1444,Number of Ways of Cutting a Pizza,Hard,https://leetcode.com/problems/number-of-ways-of-cutting-a-pizza,
265,Paint House II,Hard,https://leetcode.com/problems/paint-house-ii,
759,Employee Free Time,Hard,https://leetcode.com/problems/employee-free-time,
1326,Minimum Number of Taps to Open to Water a Garden,Hard,https://leetcode.com/problems/minimum-number-of-taps-to-open-to-water-a-garden,
630,Course Schedule III,Hard,https://leetcode.com/problems/course-schedule-iii,
1368,Minimum Cost to Make at Least One Valid Path in a Grid,Hard,https://leetcode.com/problems/minimum-cost-to-make-at-least-one-valid-path-in-a-grid,
968,Binary Tree Cameras,Hard,https://leetcode.com/problems/binary-tree-cameras,
1136,Parallel Courses,Hard,https://leetcode.com/problems/parallel-courses,
174,Dungeon Game,Hard,https://leetcode.com/problems/dungeon-game,
587,Erect the Fence,Hard,https://leetcode.com/problems/erect-the-fence,
864,Shortest Path to Get All Keys,Hard,https://leetcode.com/problems/shortest-path-to-get-all-keys,
1312,Minimum Insertion Steps to Make a String Palindrome,Hard,https://leetcode.com/problems/minimum-insertion-steps-to-make-a-string-palindrome,
854,K-Similar Strings,Hard,https://leetcode.com/problems/k-similar-strings,
862,Shortest Subarray with Sum at Least K,Hard,https://leetcode.com/problems/shortest-subarray-with-sum-at-least-k,
440,K-th Smallest in Lexicographical Order,Hard,https://leetcode.com/problems/k-th-smallest-in-lexicographical-order,
982,Triples with Bitwise AND Equal To Zero,Hard,https://leetcode.com/problems/triples-with-bitwise-and-equal-to-zero,
60,Permutation Sequence,Hard,https://leetcode.com/problems/permutation-sequence,
805,Split Array With Same Average,Hard,https://leetcode.com/problems/split-array-with-same-average,
778,Swim in Rising Water,Hard,https://leetcode.com/problems/swim-in-rising-water,
321,Create Maximum Number,Hard,https://leetcode.com/problems/create-maximum-number,
301,Remove Invalid Parentheses,Hard,https://leetcode.com/problems/remove-invalid-parentheses,
895,Maximum Frequency Stack,Hard,https://leetcode.com/problems/maximum-frequency-stack,
493,Reverse Pairs,Hard,https://leetcode.com/problems/reverse-pairs,
51,N-Queens,Hard,https://leetcode.com/problems/n-queens,
1157,Online Majority Element In Subarray,Hard,https://leetcode.com/problems/online-majority-element-in-subarray,
352,Data Stream as Disjoint Intervals,Hard,https://leetcode.com/problems/data-stream-as-disjoint-intervals,
420,Strong Password Checker,Hard,https://leetcode.com/problems/strong-password-checker,
741,Cherry Pickup,Hard,https://leetcode.com/problems/cherry-pickup,
719,Find K-th Smallest Pair Distance,Hard,https://leetcode.com/problems/find-k-th-smallest-pair-distance,
834,Sum of Distances in Tree,Hard,https://leetcode.com/problems/sum-of-distances-in-tree,
924,Minimize Malware Spread,Hard,https://leetcode.com/problems/minimize-malware-spread,
1463,Cherry Pickup II,Hard,https://leetcode.com/problems/cherry-pickup-ii,
1345,Jump Game IV,Hard,https://leetcode.com/problems/jump-game-iv,
689,Maximum Sum of 3 Non-Overlapping Subarrays,Hard,https://leetcode.com/problems/maximum-sum-of-3-non-overlapping-subarrays,
726,Number of Atoms,Hard,https://leetcode.com/problems/number-of-atoms,
483,Smallest Good Base,Hard,https://leetcode.com/problems/smallest-good-base,
960,Delete Columns to Make Sorted III,Hard,https://leetcode.com/problems/delete-columns-to-make-sorted-iii,
272,Closest Binary Search Tree Value II,Hard,https://leetcode.com/problems/closest-binary-search-tree-value-ii,
564,Find the Closest Palindrome,Hard,https://leetcode.com/problems/find-the-closest-palindrome,
992,Subarrays with K Different Integers,Hard,https://leetcode.com/problems/subarrays-with-k-different-integers,
1206,Design Skiplist,Hard,https://leetcode.com/problems/design-skiplist,
730,Count Different Palindromic Subsequences,Hard,https://leetcode.com/problems/count-different-palindromic-subsequences,
765,Couples Holding Hands,Hard,https://leetcode.com/problems/couples-holding-hands,
1203,Sort Items by Groups Respecting Dependencies,Hard,https://leetcode.com/problems/sort-items-by-groups-respecting-dependencies,
980,Unique Paths III,Hard,https://leetcode.com/problems/unique-paths-iii,
185,Department Top Three Salaries,Hard,https://leetcode.com/problems/department-top-three-salaries,
87,Scramble String,Hard,https://leetcode.com/problems/scramble-string,
1044,Longest Duplicate Substring,Hard,https://leetcode.com/problems/longest-duplicate-substring,
768,Max Chunks To Make Sorted II,Hard,https://leetcode.com/problems/max-chunks-to-make-sorted-ii,
952,Largest Component Size by Common Factor,Hard,https://leetcode.com/problems/largest-component-size-by-common-factor,
145,Binary Tree Postorder Traversal,Hard,https://leetcode.com/problems/binary-tree-postorder-traversal,
839,Similar String Groups,Hard,https://leetcode.com/problems/similar-string-groups,
1095,Find in Mountain Array,Hard,https://leetcode.com/problems/find-in-mountain-array,
827,Making A Large Island,Hard,https://leetcode.com/problems/making-a-large-island,
940,Distinct Subsequences II,Hard,https://leetcode.com/problems/distinct-subsequences-ii,
330,Patching Array,Hard,https://leetcode.com/problems/patching-array,
639,Decode Ways II,Hard,https://leetcode.com/problems/decode-ways-ii,
1483,Kth Ancestor of a Tree Node,Hard,https://leetcode.com/problems/kth-ancestor-of-a-tree-node,
936,Stamping The Sequence,Hard,https://leetcode.com/problems/stamping-the-sequence,
668,Kth Smallest Number in Multiplication Table,Hard,https://leetcode.com/problems/kth-smallest-number-in-multiplication-table,
123,Best Time to Buy and Sell Stock III,Hard,https://leetcode.com/problems/best-time-to-buy-and-sell-stock-iii,
780,Reaching Points,Hard,https://leetcode.com/problems/reaching-points,
1192,Critical Connections in a Network,Hard,https://leetcode.com/problems/critical-connections-in-a-network,
154,Find Minimum in Rotated Sorted Array II,Hard,https://leetcode.com/problems/find-minimum-in-rotated-sorted-array-ii,
472,Concatenated Words,Hard,https://leetcode.com/problems/concatenated-words,
1235,Maximum Profit in Job Scheduling,Hard,https://leetcode.com/problems/maximum-profit-in-job-scheduling,
644,Maximum Average Subarray II,Hard,https://leetcode.com/problems/maximum-average-subarray-ii,
514,Freedom Trail,Hard,https://leetcode.com/problems/freedom-trail,
569,Median Employee Salary,Hard,https://leetcode.com/problems/median-employee-salary,
656,Coin Path,Hard,https://leetcode.com/problems/coin-path,
782,Transform to Chessboard,Hard,https://leetcode.com/problems/transform-to-chessboard,
847,Shortest Path Visiting All Nodes,Hard,https://leetcode.com/problems/shortest-path-visiting-all-nodes,
879,Profitable Schemes,Hard,https://leetcode.com/problems/profitable-schemes,
906,Super Palindromes,Hard,https://leetcode.com/problems/super-palindromes,
1012,Numbers With Repeated Digits,Hard,https://leetcode.com/problems/numbers-with-repeated-digits,
1199,Minimum Time to Build Blocks,Hard,https://leetcode.com/problems/minimum-time-to-build-blocks,
1289,Minimum Falling Path Sum II,Hard,https://leetcode.com/problems/minimum-falling-path-sum-ii,
1316,Distinct Echo Substrings,Hard,https://leetcode.com/problems/distinct-echo-substrings,
1147,Longest Chunked Palindrome Decomposition,Hard,https://leetcode.com/problems/longest-chunked-palindrome-decomposition,
1269,Number of Ways to Stay in the Same Place After Some Steps,Hard,https://leetcode.com/problems/number-of-ways-to-stay-in-the-same-place-after-some-steps,
1388,Pizza With 3n Slices,Hard,https://leetcode.com/problems/pizza-with-3n-slices,
1377,Frog Position After T Seconds,Hard,https://leetcode.com/problems/frog-position-after-t-seconds,
1392,Longest Happy Prefix,Hard,https://leetcode.com/problems/longest-happy-prefix,
1449,Form Largest Integer With Digits That Add up to Target,Hard,https://leetcode.com/problems/form-largest-integer-with-digits-that-add-up-to-target,
1494,Parallel Courses II,Hard,https://leetcode.com/problems/parallel-courses-ii,
1499,Max Value of Equation,Hard,https://leetcode.com/problems/max-value-of-equation,
1526,Minimum Number of Increments on Subarrays to Form a Target Array,Hard,https://leetcode.com/problems/minimum-number-of-increments-on-subarrays-to-form-a-target-array,
1516,Move Sub-Tree of N-Ary Tree,Hard,https://leetcode.com/problems/move-sub-tree-of-n-ary-tree,
388,Longest Absolute File Path,Medium,https://leetcode.com/problems/longest-absolute-file-path,
681,Next Closest Time,Medium,https://leetcode.com/problems/next-closest-time,
904,Fruit Into Baskets,Medium,https://leetcode.com/problems/fruit-into-baskets,
1007,Minimum Domino Rotations For Equal Row,Medium,https://leetcode.com/problems/minimum-domino-rotations-for-equal-row,
288,Unique Word Abbreviation,Medium,https://leetcode.com/problems/unique-word-abbreviation,
399,Evaluate Division,Medium,https://leetcode.com/problems/evaluate-division,
418,Sentence Screen Fitting,Medium,https://leetcode.com/problems/sentence-screen-fitting,
271,Encode and Decode Strings,Medium,https://leetcode.com/problems/encode-and-decode-strings,
361,Bomb Enemy,Medium,https://leetcode.com/problems/bomb-enemy,
298,Binary Tree Longest Consecutive Sequence,Medium,https://leetcode.com/problems/binary-tree-longest-consecutive-sequence,
281,Zigzag Iterator,Medium,https://leetcode.com/problems/zigzag-iterator,
1057,Campus Bikes,Medium,https://leetcode.com/problems/campus-bikes,
393,UTF-8 Validation,Medium,https://leetcode.com/problems/utf-8-validation,
163,Missing Ranges,Medium,https://leetcode.com/problems/missing-ranges,
159,Longest Substring with At Most Two Distinct Characters,Medium,https://leetcode.com/problems/longest-substring-with-at-most-two-distinct-characters,
222,Count Complete Tree Nodes,Medium,https://leetcode.com/problems/count-complete-tree-nodes,
947,Most Stones Removed with Same Row or Column,Medium,https://leetcode.com/problems/most-stones-removed-with-same-row-or-column,
939,Minimum Area Rectangle,Medium,https://leetcode.com/problems/minimum-area-rectangle,
56,Merge Intervals,Medium,https://leetcode.com/problems/merge-intervals,
394,Decode String,Medium,https://leetcode.com/problems/decode-string,
200,Number of Islands,Medium,https://leetcode.com/problems/number-of-islands,
351,Android Unlock Patterns,Medium,https://leetcode.com/problems/android-unlock-patterns,
146,LRU Cache,Medium,https://leetcode.com/problems/lru-cache,
809,Expressive Words,Medium,https://leetcode.com/problems/expressive-words,
737,Sentence Similarity II,Medium,https://leetcode.com/problems/sentence-similarity-ii,
228,Summary Ranges,Medium,https://leetcode.com/problems/summary-ranges,
2,Add Two Numbers,Medium,https://leetcode.com/problems/add-two-numbers,
253,Meeting Rooms II,Medium,https://leetcode.com/problems/meeting-rooms-ii,
1055,Shortest Way to Form String,Medium,https://leetcode.com/problems/shortest-way-to-form-string,
1110,Delete Nodes And Return Forest,Medium,https://leetcode.com/problems/delete-nodes-and-return-forest,
289,Game of Life,Medium,https://leetcode.com/problems/game-of-life,
833,Find And Replace in String,Medium,https://leetcode.com/problems/find-and-replace-in-string,
750,Number Of Corner Rectangles,Medium,https://leetcode.com/problems/number-of-corner-rectangles,
247,Strobogrammatic Number II,Medium,https://leetcode.com/problems/strobogrammatic-number-ii,
304,Range Sum Query 2D - Immutable,Medium,https://leetcode.com/problems/range-sum-query-2d-immutable,
562,Longest Line of Consecutive One in Matrix,Medium,https://leetcode.com/problems/longest-line-of-consecutive-one-in-matrix,
777,Swap Adjacent in LR String,Medium,https://leetcode.com/problems/swap-adjacent-in-lr-string,
360,Sort Transformed Array,Medium,https://leetcode.com/problems/sort-transformed-array,
280,Wiggle Sort,Medium,https://leetcode.com/problems/wiggle-sort,
524,Longest Word in Dictionary through Deleting,Medium,https://leetcode.com/problems/longest-word-in-dictionary-through-deleting,
417,Pacific Atlantic Water Flow,Medium,https://leetcode.com/problems/pacific-atlantic-water-flow,
1087,Brace Expansion,Medium,https://leetcode.com/problems/brace-expansion,
284,Peeking Iterator,Medium,https://leetcode.com/problems/peeking-iterator,
259,3Sum Smaller,Medium,https://leetcode.com/problems/3sum-smaller,
544,Output Contest Matches,Medium,https://leetcode.com/problems/output-contest-matches,
279,Perfect Squares,Medium,https://leetcode.com/problems/perfect-squares,
274,H-Index,Medium,https://leetcode.com/problems/h-index,
3,Longest Substring Without Repeating Characters,Medium,https://leetcode.com/problems/longest-substring-without-repeating-characters,
731,My Calendar II,Medium,https://leetcode.com/problems/my-calendar-ii,
294,Flip Game II,Medium,https://leetcode.com/problems/flip-game-ii,
1146,Snapshot Array,Medium,https://leetcode.com/problems/snapshot-array,
846,Hand of Straights,Medium,https://leetcode.com/problems/hand-of-straights,
1066,Campus Bikes II,Medium,https://leetcode.com/problems/campus-bikes-ii,
54,Spiral Matrix,Medium,https://leetcode.com/problems/spiral-matrix,
15,3Sum,Medium,https://leetcode.com/problems/3sum,
221,Maximal Square,Medium,https://leetcode.com/problems/maximal-square,
17,Letter Combinations of a Phone Number,Medium,https://leetcode.com/problems/letter-combinations-of-a-phone-number,
616,Add Bold Tag in String,Medium,https://leetcode.com/problems/add-bold-tag-in-string,
362,Design Hit Counter,Medium,https://leetcode.com/problems/design-hit-counter,
981,Time Based Key-Value Store,Medium,https://leetcode.com/problems/time-based-key-value-store,
837,New 21 Game,Medium,https://leetcode.com/problems/new-21-game,
911,Online Election,Medium,https://leetcode.com/problems/online-election,
558,Logical OR of Two Binary Grids Represented as Quad-Trees,Medium,https://leetcode.com/problems/logical-or-of-two-binary-grids-represented-as-quad-trees,
490,The Maze,Medium,https://leetcode.com/problems/the-maze,
659,Split Array into Consecutive Subsequences,Medium,https://leetcode.com/problems/split-array-into-consecutive-subsequences,
380,Insert Delete GetRandom O(1),Medium,https://leetcode.com/problems/insert-delete-getrandom-o1,
528,Random Pick with Weight,Medium,https://leetcode.com/problems/random-pick-with-weight,
166,Fraction to Recurring Decimal,Medium,https://leetcode.com/problems/fraction-to-recurring-decimal,
139,Word Break,Medium,https://leetcode.com/problems/word-break,
406,Queue Reconstruction by Height,Medium,https://leetcode.com/problems/queue-reconstruction-by-height,
505,The Maze II,Medium,https://leetcode.com/problems/the-maze-ii,
723,Candy Crush,Medium,https://leetcode.com/problems/candy-crush,
900,RLE Iterator,Medium,https://leetcode.com/problems/rle-iterator,
375,Guess Number Higher or Lower II,Medium,https://leetcode.com/problems/guess-number-higher-or-lower-ii,
457,Circular Array Loop,Medium,https://leetcode.com/problems/circular-array-loop,
722,Remove Comments,Medium,https://leetcode.com/problems/remove-comments,
31,Next Permutation,Medium,https://leetcode.com/problems/next-permutation,
5,Longest Palindromic Substring,Medium,https://leetcode.com/problems/longest-palindromic-substring,
318,Maximum Product of Word Lengths,Medium,https://leetcode.com/problems/maximum-product-of-word-lengths,
353,Design Snake Game,Medium,https://leetcode.com/problems/design-snake-game,
249,Group Shifted Strings,Medium,https://leetcode.com/problems/group-shifted-strings,
729,My Calendar I,Medium,https://leetcode.com/problems/my-calendar-i,
341,Flatten Nested List Iterator,Medium,https://leetcode.com/problems/flatten-nested-list-iterator,
951,Flip Equivalent Binary Trees,Medium,https://leetcode.com/problems/flip-equivalent-binary-trees,
320,Generalized Abbreviation,Medium,https://leetcode.com/problems/generalized-abbreviation,
332,Reconstruct Itinerary,Medium,https://leetcode.com/problems/reconstruct-itinerary,
835,Image Overlap,Medium,https://leetcode.com/problems/image-overlap,
444,Sequence Reconstruction,Medium,https://leetcode.com/problems/sequence-reconstruction,
400,Nth Digit,Medium,https://leetcode.com/problems/nth-digit,
285,Inorder Successor in BST,Medium,https://leetcode.com/problems/inorder-successor-in-bst,
43,Multiply Strings,Medium,https://leetcode.com/problems/multiply-strings,
208,Implement Trie (Prefix Tree),Medium,https://leetcode.com/problems/implement-trie-prefix-tree,
963,Minimum Area Rectangle II,Medium,https://leetcode.com/problems/minimum-area-rectangle-ii,
484,Find Permutation,Medium,https://leetcode.com/problems/find-permutation,
369,Plus One Linked List,Medium,https://leetcode.com/problems/plus-one-linked-list,
162,Find Peak Element,Medium,https://leetcode.com/problems/find-peak-element,
133,Clone Graph,Medium,https://leetcode.com/problems/clone-graph,
34,Find First and Last Position of Element in Sorted Array,Medium,https://leetcode.com/problems/find-first-and-last-position-of-element-in-sorted-array,
127,Word Ladder,Medium,https://leetcode.com/problems/word-ladder,
91,Decode Ways,Medium,https://leetcode.com/problems/decode-ways,
215,Kth Largest Element in an Array,Medium,https://leetcode.com/problems/kth-largest-element-in-an-array,
946,Validate Stack Sequences,Medium,https://leetcode.com/problems/validate-stack-sequences,
33,Search in Rotated Sorted Array,Medium,https://leetcode.com/problems/search-in-rotated-sorted-array,
11,Container With Most Water,Medium,https://leetcode.com/problems/container-with-most-water,
334,Increasing Triplet Subsequence,Medium,https://leetcode.com/problems/increasing-triplet-subsequence,
325,Maximum Size Subarray Sum Equals k,Medium,https://leetcode.com/problems/maximum-size-subarray-sum-equals-k,
497,Random Point in Non-overlapping Rectangles,Medium,https://leetcode.com/problems/random-point-in-non-overlapping-rectangles,
817,Linked List Components,Medium,https://leetcode.com/problems/linked-list-components,
286,Walls and Gates,Medium,https://leetcode.com/problems/walls-and-gates,
1048,Longest String Chain,Medium,https://leetcode.com/problems/longest-string-chain,
138,Copy List with Random Pointer,Medium,https://leetcode.com/problems/copy-list-with-random-pointer,
173,Binary Search Tree Iterator,Medium,https://leetcode.com/problems/binary-search-tree-iterator,
150,Evaluate Reverse Polish Notation,Medium,https://leetcode.com/problems/evaluate-reverse-polish-notation,
743,Network Delay Time,Medium,https://leetcode.com/problems/network-delay-time,
752,Open the Lock,Medium,https://leetcode.com/problems/open-the-lock,
130,Surrounded Regions,Medium,https://leetcode.com/problems/surrounded-regions,
529,Minesweeper,Medium,https://leetcode.com/problems/minesweeper,
161,One Edit Distance,Medium,https://leetcode.com/problems/one-edit-distance,
427,Construct Quad Tree,Medium,https://leetcode.com/problems/construct-quad-tree,
801,Minimum Swaps To Make Sequences Increasing,Medium,https://leetcode.com/problems/minimum-swaps-to-make-sequences-increasing,
498,Diagonal Traverse,Medium,https://leetcode.com/problems/diagonal-traverse,
307,Range Sum Query - Mutable,Medium,https://leetcode.com/problems/range-sum-query-mutable,
324,Wiggle Sort II,Medium,https://leetcode.com/problems/wiggle-sort-ii,
22,Generate Parentheses,Medium,https://leetcode.com/problems/generate-parentheses,
853,Car Fleet,Medium,https://leetcode.com/problems/car-fleet,
486,Predict the Winner,Medium,https://leetcode.com/problems/predict-the-winner,
708,Insert into a Sorted Circular Linked List,Medium,https://leetcode.com/problems/insert-into-a-sorted-circular-linked-list,
855,Exam Room,Medium,https://leetcode.com/problems/exam-room,
1197,Minimum Knight Moves,Medium,https://leetcode.com/problems/minimum-knight-moves,
684,Redundant Connection,Medium,https://leetcode.com/problems/redundant-connection,
370,Range Addition,Medium,https://leetcode.com/problems/range-addition,
250,Count Univalue Subtrees,Medium,https://leetcode.com/problems/count-univalue-subtrees,
337,House Robber III,Medium,https://leetcode.com/problems/house-robber-iii,
241,Different Ways to Add Parentheses,Medium,https://leetcode.com/problems/different-ways-to-add-parentheses,
1145,Binary Tree Coloring Game,Medium,https://leetcode.com/problems/binary-tree-coloring-game,
769,Max Chunks To Make Sorted,Medium,https://leetcode.com/problems/max-chunks-to-make-sorted,
792,Number of Matching Subsequences,Medium,https://leetcode.com/problems/number-of-matching-subsequences,
767,Reorganize String,Medium,https://leetcode.com/problems/reorganize-string,
510,Inorder Successor in BST II,Medium,https://leetcode.com/problems/inorder-successor-in-bst-ii,
845,Longest Mountain in Array,Medium,https://leetcode.com/problems/longest-mountain-in-array,
48,Rotate Image,Medium,https://leetcode.com/problems/rotate-image,
229,Majority Element II,Medium,https://leetcode.com/problems/majority-element-ii,
62,Unique Paths,Medium,https://leetcode.com/problems/unique-paths,
776,Split BST,Medium,https://leetcode.com/problems/split-bst,
1438,Longest Continuous Subarray With Absolute Diff Less Than or Equal to Limit,Medium,https://leetcode.com/problems/longest-continuous-subarray-with-absolute-diff-less-than-or-equal-to-limit,
935,Knight Dialer,Medium,https://leetcode.com/problems/knight-dialer,
55,Jump Game,Medium,https://leetcode.com/problems/jump-game,
49,Group Anagrams,Medium,https://leetcode.com/problems/group-anagrams,
894,All Possible Full Binary Trees,Medium,https://leetcode.com/problems/all-possible-full-binary-trees,
1011,Capacity To Ship Packages Within D Days,Medium,https://leetcode.com/problems/capacity-to-ship-packages-within-d-days,
549,Binary Tree Longest Consecutive Sequence II,Medium,https://leetcode.com/problems/binary-tree-longest-consecutive-sequence-ii,
379,Design Phone Directory,Medium,https://leetcode.com/problems/design-phone-directory,
36,Valid Sudoku,Medium,https://leetcode.com/problems/valid-sudoku,
187,Repeated DNA Sequences,Medium,https://leetcode.com/problems/repeated-dna-sequences,
1376,Time Needed to Inform All Employees,Medium,https://leetcode.com/problems/time-needed-to-inform-all-employees,
635,Design Log Storage System,Medium,https://leetcode.com/problems/design-log-storage-system,
676,Implement Magic Dictionary,Medium,https://leetcode.com/problems/implement-magic-dictionary,
240,Search a 2D Matrix II,Medium,https://leetcode.com/problems/search-a-2d-matrix-ii,
277,Find the Celebrity,Medium,https://leetcode.com/problems/find-the-celebrity,
236,Lowest Common Ancestor of a Binary Tree,Medium,https://leetcode.com/problems/lowest-common-ancestor-of-a-binary-tree,
373,Find K Pairs with Smallest Sums,Medium,https://leetcode.com/problems/find-k-pairs-with-smallest-sums,
469,Convex Polygon,Medium,https://leetcode.com/problems/convex-polygon,
8,String to Integer (atoi),Medium,https://leetcode.com/problems/string-to-integer-atoi,
134,Gas Station,Medium,https://leetcode.com/problems/gas-station,
540,Single Element in a Sorted Array,Medium,https://leetcode.com/problems/single-element-in-a-sorted-array,
64,Minimum Path Sum,Medium,https://leetcode.com/problems/minimum-path-sum,
63,Unique Paths II,Medium,https://leetcode.com/problems/unique-paths-ii,
287,Find the Duplicate Number,Medium,https://leetcode.com/problems/find-the-duplicate-number,
238,Product of Array Except Self,Medium,https://leetcode.com/problems/product-of-array-except-self,
582,Kill Process,Medium,https://leetcode.com/problems/kill-process,
300,Longest Increasing Subsequence,Medium,https://leetcode.com/problems/longest-increasing-subsequence,
1423,Maximum Points You Can Obtain from Cards,Medium,https://leetcode.com/problems/maximum-points-you-can-obtain-from-cards,
688,Knight Probability in Chessboard,Medium,https://leetcode.com/problems/knight-probability-in-chessboard,
251,Flatten 2D Vector,Medium,https://leetcode.com/problems/flatten-2d-vector,
419,Battleships in a Board,Medium,https://leetcode.com/problems/battleships-in-a-board,
46,Permutations,Medium,https://leetcode.com/problems/permutations,
117,Populating Next Right Pointers in Each Node II,Medium,https://leetcode.com/problems/populating-next-right-pointers-in-each-node-ii,
702,Search in a Sorted Array of Unknown Size,Medium,https://leetcode.com/problems/search-in-a-sorted-array-of-unknown-size,
652,Find Duplicate Subtrees,Medium,https://leetcode.com/problems/find-duplicate-subtrees,
695,Max Area of Island,Medium,https://leetcode.com/problems/max-area-of-island,
137,Single Number II,Medium,https://leetcode.com/problems/single-number-ii,
96,Unique Binary Search Trees,Medium,https://leetcode.com/problems/unique-binary-search-trees,
322,Coin Change,Medium,https://leetcode.com/problems/coin-change,
230,Kth Smallest Element in a BST,Medium,https://leetcode.com/problems/kth-smallest-element-in-a-bst,
807,Max Increase to Keep City Skyline,Medium,https://leetcode.com/problems/max-increase-to-keep-city-skyline,
98,Validate Binary Search Tree,Medium,https://leetcode.com/problems/validate-binary-search-tree,
378,Kth Smallest Element in a Sorted Matrix,Medium,https://leetcode.com/problems/kth-smallest-element-in-a-sorted-matrix,
356,Line Reflection,Medium,https://leetcode.com/problems/line-reflection,
889,Construct Binary Tree from Preorder and Postorder Traversal,Medium,https://leetcode.com/problems/construct-binary-tree-from-preorder-and-postorder-traversal,
261,Graph Valid Tree,Medium,https://leetcode.com/problems/graph-valid-tree,
365,Water and Jug Problem,Medium,https://leetcode.com/problems/water-and-jug-problem,
535,Encode and Decode TinyURL,Medium,https://leetcode.com/problems/encode-and-decode-tinyurl,
560,Subarray Sum Equals K,Medium,https://leetcode.com/problems/subarray-sum-equals-k,
986,Interval List Intersections,Medium,https://leetcode.com/problems/interval-list-intersections,
50,Pow(x;n),Medium,https://leetcode.com/problems/powx-n,
310,Minimum Height Trees,Medium,https://leetcode.com/problems/minimum-height-trees,
116,Populating Next Right Pointers in Each Node,Medium,https://leetcode.com/problems/populating-next-right-pointers-in-each-node,
609,Find Duplicate File in System,Medium,https://leetcode.com/problems/find-duplicate-file-in-system,
152,Maximum Product Subarray,Medium,https://leetcode.com/problems/maximum-product-subarray,
636,Exclusive Time of Functions,Medium,https://leetcode.com/problems/exclusive-time-of-functions,
207,Course Schedule,Medium,https://leetcode.com/problems/course-schedule,
973,K Closest Points to Origin,Medium,https://leetcode.com/problems/k-closest-points-to-origin,
382,Linked List Random Node,Medium,https://leetcode.com/problems/linked-list-random-node,
518,Coin Change 2,Medium,https://leetcode.com/problems/coin-change-2,
593,Valid Square,Medium,https://leetcode.com/problems/valid-square,
209,Minimum Size Subarray Sum,Medium,https://leetcode.com/problems/minimum-size-subarray-sum,
890,Find and Replace Pattern,Medium,https://leetcode.com/problems/find-and-replace-pattern,
932,Beautiful Array,Medium,https://leetcode.com/problems/beautiful-array,
165,Compare Version Numbers,Medium,https://leetcode.com/problems/compare-version-numbers,
156,Binary Tree Upside Down,Medium,https://leetcode.com/problems/binary-tree-upside-down,
384,Shuffle an Array,Medium,https://leetcode.com/problems/shuffle-an-array,
254,Factor Combinations,Medium,https://leetcode.com/problems/factor-combinations,
220,Contains Duplicate III,Medium,https://leetcode.com/problems/contains-duplicate-iii,
1292,Maximum Side Length of a Square with Sum Less than or Equal to Threshold,Medium,https://leetcode.com/problems/maximum-side-length-of-a-square-with-sum-less-than-or-equal-to-threshold,
348,Design Tic-Tac-Toe,Medium,https://leetcode.com/problems/design-tic-tac-toe,
12,Integer to Roman,Medium,https://leetcode.com/problems/integer-to-roman,
721,Accounts Merge,Medium,https://leetcode.com/problems/accounts-merge,
105,Construct Binary Tree from Preorder and Inorder Traversal,Medium,https://leetcode.com/problems/construct-binary-tree-from-preorder-and-inorder-traversal,
227,Basic Calculator II,Medium,https://leetcode.com/problems/basic-calculator-ii,
1352,Product of the Last K Numbers,Medium,https://leetcode.com/problems/product-of-the-last-k-numbers,
120,Triangle,Medium,https://leetcode.com/problems/triangle,
94,Binary Tree Inorder Traversal,Medium,https://leetcode.com/problems/binary-tree-inorder-traversal,
213,House Robber II,Medium,https://leetcode.com/problems/house-robber-ii,
347,Top K Frequent Elements,Medium,https://leetcode.com/problems/top-k-frequent-elements,
311,Sparse Matrix Multiplication,Medium,https://leetcode.com/problems/sparse-matrix-multiplication,
739,Daily Temperatures,Medium,https://leetcode.com/problems/daily-temperatures,
640,Solve the Equation,Medium,https://leetcode.com/problems/solve-the-equation,
79,Word Search,Medium,https://leetcode.com/problems/word-search,
1024,Video Stitching,Medium,https://leetcode.com/problems/video-stitching,
692,Top K Frequent Words,Medium,https://leetcode.com/problems/top-k-frequent-words,
1219,Path with Maximum Gold,Medium,https://leetcode.com/problems/path-with-maximum-gold,
398,Random Pick Index,Medium,https://leetcode.com/problems/random-pick-index,
148,Sort List,Medium,https://leetcode.com/problems/sort-list,
658,Find K Closest Elements,Medium,https://leetcode.com/problems/find-k-closest-elements,
1296,Divide Array in Sets of K Consecutive Numbers,Medium,https://leetcode.com/problems/divide-array-in-sets-of-k-consecutive-numbers,
395,Longest Substring with At Least K Repeating Characters,Medium,https://leetcode.com/problems/longest-substring-with-at-least-k-repeating-characters,
1277,Count Square Submatrices with All Ones,Medium,https://leetcode.com/problems/count-square-submatrices-with-all-ones,
802,Find Eventual Safe States,Medium,https://leetcode.com/problems/find-eventual-safe-states,
909,Snakes and Ladders,Medium,https://leetcode.com/problems/snakes-and-ladders,
343,Integer Break,Medium,https://leetcode.com/problems/integer-break,
424,Longest Repeating Character Replacement,Medium,https://leetcode.com/problems/longest-repeating-character-replacement,
421,Maximum XOR of Two Numbers in an Array,Medium,https://leetcode.com/problems/maximum-xor-of-two-numbers-in-an-array,
153,Find Minimum in Rotated Sorted Array,Medium,https://leetcode.com/problems/find-minimum-in-rotated-sorted-array,
979,Distribute Coins in Binary Tree,Medium,https://leetcode.com/problems/distribute-coins-in-binary-tree,
430,Flatten a Multilevel Doubly Linked List,Medium,https://leetcode.com/problems/flatten-a-multilevel-doubly-linked-list,
210,Course Schedule II,Medium,https://leetcode.com/problems/course-schedule-ii,
742,Closest Leaf in a Binary Tree,Medium,https://leetcode.com/problems/closest-leaf-in-a-binary-tree,
450,Delete Node in a BST,Medium,https://leetcode.com/problems/delete-node-in-a-bst,
109,Convert Sorted List to Binary Search Tree,Medium,https://leetcode.com/problems/convert-sorted-list-to-binary-search-tree,
211,Add and Search Word - Data structure design,Medium,https://leetcode.com/problems/add-and-search-word-data-structure-design,
16,3Sum Closest,Medium,https://leetcode.com/problems/3sum-closest,
333,Largest BST Subtree,Medium,https://leetcode.com/problems/largest-bst-subtree,
102,Binary Tree Level Order Traversal,Medium,https://leetcode.com/problems/binary-tree-level-order-traversal,
18,4Sum,Medium,https://leetcode.com/problems/4sum,
75,Sort Colors,Medium,https://leetcode.com/problems/sort-colors,
1477,Find Two Non-overlapping Sub-arrays Each With Target Sum,Medium,https://leetcode.com/problems/find-two-non-overlapping-sub-arrays-each-with-target-sum,
1031,Maximum Sum of Two Non-Overlapping Subarrays,Medium,https://leetcode.com/problems/maximum-sum-of-two-non-overlapping-subarrays,
143,Reorder List,Medium,https://leetcode.com/problems/reorder-list,
1023,Camelcase Matching,Medium,https://leetcode.com/problems/camelcase-matching,
1265,Print Immutable Linked List in Reverse,Medium,https://leetcode.com/problems/print-immutable-linked-list-in-reverse,
794,Valid Tic-Tac-Toe State,Medium,https://leetcode.com/problems/valid-tic-tac-toe-state,
647,Palindromic Substrings,Medium,https://leetcode.com/problems/palindromic-substrings,
78,Subsets,Medium,https://leetcode.com/problems/subsets,
29,Divide Two Integers,Medium,https://leetcode.com/problems/divide-two-integers,
433,Minimum Genetic Mutation,Medium,https://leetcode.com/problems/minimum-genetic-mutation,
449,Serialize and Deserialize BST,Medium,https://leetcode.com/problems/serialize-and-deserialize-bst,
785,Is Graph Bipartite?,Medium,https://leetcode.com/problems/is-graph-bipartite,
438,Find All Anagrams in a String,Medium,https://leetcode.com/problems/find-all-anagrams-in-a-string,
799,Champagne Tower,Medium,https://leetcode.com/problems/champagne-tower,
416,Partition Equal Subset Sum,Medium,https://leetcode.com/problems/partition-equal-subset-sum,
841,Keys and Rooms,Medium,https://leetcode.com/problems/keys-and-rooms,
1140,Stone Game II,Medium,https://leetcode.com/problems/stone-game-ii,
464,Can I Win,Medium,https://leetcode.com/problems/can-i-win,
81,Search in Rotated Sorted Array II,Medium,https://leetcode.com/problems/search-in-rotated-sorted-array-ii,
452,Minimum Number of Arrows to Burst Balloons,Medium,https://leetcode.com/problems/minimum-number-of-arrows-to-burst-balloons,
39,Combination Sum,Medium,https://leetcode.com/problems/combination-sum,
267,Palindrome Permutation II,Medium,https://leetcode.com/problems/palindrome-permutation-ii,
694,Number of Distinct Islands,Medium,https://leetcode.com/problems/number-of-distinct-islands,
59,Spiral Matrix II,Medium,https://leetcode.com/problems/spiral-matrix-ii,
542,01 Matrix,Medium,https://leetcode.com/problems/01-matrix,
386,Lexicographical Numbers,Medium,https://leetcode.com/problems/lexicographical-numbers,
531,Lonely Pixel I,Medium,https://leetcode.com/problems/lonely-pixel-i,
1060,Missing Element in Sorted Array,Medium,https://leetcode.com/problems/missing-element-in-sorted-array,
77,Combinations,Medium,https://leetcode.com/problems/combinations,
456,132 Pattern,Medium,https://leetcode.com/problems/132-pattern,
1131,Maximum of Absolute Value Expression,Medium,https://leetcode.com/problems/maximum-of-absolute-value-expression,
787,Cheapest Flights Within K Stops,Medium,https://leetcode.com/problems/cheapest-flights-within-k-stops,
385,Mini Parser,Medium,https://leetcode.com/problems/mini-parser,
958,Check Completeness of a Binary Tree,Medium,https://leetcode.com/problems/check-completeness-of-a-binary-tree,
1244,Design A Leaderboard,Medium,https://leetcode.com/problems/design-a-leaderboard,
698,Partition to K Equal Sum Subsets,Medium,https://leetcode.com/problems/partition-to-k-equal-sum-subsets,
950,Reveal Cards In Increasing Order,Medium,https://leetcode.com/problems/reveal-cards-in-increasing-order,
19,Remove Nth Node From End of List,Medium,https://leetcode.com/problems/remove-nth-node-from-end-of-list,
1091,Shortest Path in Binary Matrix,Medium,https://leetcode.com/problems/shortest-path-in-binary-matrix,
366,Find Leaves of Binary Tree,Medium,https://leetcode.com/problems/find-leaves-of-binary-tree,
1504,Count Submatrices With All Ones,Medium,https://leetcode.com/problems/count-submatrices-with-all-ones,
926,Flip String to Monotone Increasing,Medium,https://leetcode.com/problems/flip-string-to-monotone-increasing,
442,Find All Duplicates in an Array,Medium,https://leetcode.com/problems/find-all-duplicates-in-an-array,
6,ZigZag Conversion,Medium,https://leetcode.com/problems/zigzag-conversion,
435,Non-overlapping Intervals,Medium,https://leetcode.com/problems/non-overlapping-intervals,
790,Domino and Tromino Tiling,Medium,https://leetcode.com/problems/domino-and-tromino-tiling,
1188,Design Bounded Blocking Queue,Medium,https://leetcode.com/problems/design-bounded-blocking-queue,
216,Combination Sum III,Medium,https://leetcode.com/problems/combination-sum-iii,
662,Maximum Width of Binary Tree,Medium,https://leetcode.com/problems/maximum-width-of-binary-tree,
24,Swap Nodes in Pairs,Medium,https://leetcode.com/problems/swap-nodes-in-pairs,
445,Add Two Numbers II,Medium,https://leetcode.com/problems/add-two-numbers-ii,
1223,Dice Roll Simulation,Medium,https://leetcode.com/problems/dice-roll-simulation,
451,Sort Characters By Frequency,Medium,https://leetcode.com/problems/sort-characters-by-frequency,
426,Convert Binary Search Tree to Sorted Doubly Linked List,Medium,https://leetcode.com/problems/convert-binary-search-tree-to-sorted-doubly-linked-list,
323,Number of Connected Components in an Undirected Graph,Medium,https://leetcode.com/problems/number-of-connected-components-in-an-undirected-graph,
1062,Longest Repeating Substring,Medium,https://leetcode.com/problems/longest-repeating-substring,
368,Largest Divisible Subset,Medium,https://leetcode.com/problems/largest-divisible-subset,
113,Path Sum II,Medium,https://leetcode.com/problems/path-sum-ii,
987,Vertical Order Traversal of a Binary Tree,Medium,https://leetcode.com/problems/vertical-order-traversal-of-a-binary-tree,
131,Palindrome Partitioning,Medium,https://leetcode.com/problems/palindrome-partitioning,
1229,Meeting Scheduler,Medium,https://leetcode.com/problems/meeting-scheduler,
74,Search a 2D Matrix,Medium,https://leetcode.com/problems/search-a-2d-matrix,
82,Remove Duplicates from Sorted List II,Medium,https://leetcode.com/problems/remove-duplicates-from-sorted-list-ii,
328,Odd Even Linked List,Medium,https://leetcode.com/problems/odd-even-linked-list,
525,Contiguous Array,Medium,https://leetcode.com/problems/contiguous-array,
886,Possible Bipartition,Medium,https://leetcode.com/problems/possible-bipartition,
1155,Number of Dice Rolls With Target Sum,Medium,https://leetcode.com/problems/number-of-dice-rolls-with-target-sum,
567,Permutation in String,Medium,https://leetcode.com/problems/permutation-in-string,
764,Largest Plus Sign,Medium,https://leetcode.com/problems/largest-plus-sign,
371,Sum of Two Integers,Medium,https://leetcode.com/problems/sum-of-two-integers,
621,Task Scheduler,Medium,https://leetcode.com/problems/task-scheduler,
622,Design Circular Queue,Medium,https://leetcode.com/problems/design-circular-queue,
402,Remove K Digits,Medium,https://leetcode.com/problems/remove-k-digits,
397,Integer Replacement,Medium,https://leetcode.com/problems/integer-replacement,
129,Sum Root to Leaf Numbers,Medium,https://leetcode.com/problems/sum-root-to-leaf-numbers,
377,Combination Sum IV,Medium,https://leetcode.com/problems/combination-sum-iv,
313,Super Ugly Number,Medium,https://leetcode.com/problems/super-ugly-number,
931,Minimum Falling Path Sum,Medium,https://leetcode.com/problems/minimum-falling-path-sum,
192,Word Frequency,Medium,https://leetcode.com/problems/word-frequency,
503,Next Greater Element II,Medium,https://leetcode.com/problems/next-greater-element-ii,
875,Koko Eating Bananas,Medium,https://leetcode.com/problems/koko-eating-bananas,
1138,Alphabet Board Path,Medium,https://leetcode.com/problems/alphabet-board-path,
1254,Number of Closed Islands,Medium,https://leetcode.com/problems/number-of-closed-islands,
179,Largest Number,Medium,https://leetcode.com/problems/largest-number,
714,Best Time to Buy and Sell Stock with Transaction Fee,Medium,https://leetcode.com/problems/best-time-to-buy-and-sell-stock-with-transaction-fee,
477,Total Hamming Distance,Medium,https://leetcode.com/problems/total-hamming-distance,
1286,Iterator for Combination,Medium,https://leetcode.com/problems/iterator-for-combination,
791,Custom Sort String,Medium,https://leetcode.com/problems/custom-sort-string,
1161,Maximum Level Sum of a Binary Tree,Medium,https://leetcode.com/problems/maximum-level-sum-of-a-binary-tree,
1209,Remove All Adjacent Duplicates in String II,Medium,https://leetcode.com/problems/remove-all-adjacent-duplicates-in-string-ii,
863,All Nodes Distance K in Binary Tree,Medium,https://leetcode.com/problems/all-nodes-distance-k-in-binary-tree,
114,Flatten Binary Tree to Linked List,Medium,https://leetcode.com/problems/flatten-binary-tree-to-linked-list,
678,Valid Parenthesis String,Medium,https://leetcode.com/problems/valid-parenthesis-string,
1466,Reorder Routes to Make All Paths Lead to the City Zero,Medium,https://leetcode.com/problems/reorder-routes-to-make-all-paths-lead-to-the-city-zero,
547,Friend Circles,Medium,https://leetcode.com/problems/friend-circles,
331,Verify Preorder Serialization of a Binary Tree,Medium,https://leetcode.com/problems/verify-preorder-serialization-of-a-binary-tree,
144,Binary Tree Preorder Traversal,Medium,https://leetcode.com/problems/binary-tree-preorder-traversal,
309,Best Time to Buy and Sell Stock with Cooldown,Medium,https://leetcode.com/problems/best-time-to-buy-and-sell-stock-with-cooldown,
1143,Longest Common Subsequence,Medium,https://leetcode.com/problems/longest-common-subsequence,
151,Reverse Words in a String,Medium,https://leetcode.com/problems/reverse-words-in-a-string,
1366,Rank Teams by Votes,Medium,https://leetcode.com/problems/rank-teams-by-votes,
314,Binary Tree Vertical Order Traversal,Medium,https://leetcode.com/problems/binary-tree-vertical-order-traversal,
713,Subarray Product Less Than K,Medium,https://leetcode.com/problems/subarray-product-less-than-k,
1102,Path With Maximum Minimum Value,Medium,https://leetcode.com/problems/path-with-maximum-minimum-value,
554,Brick Wall,Medium,https://leetcode.com/problems/brick-wall,
934,Shortest Bridge,Medium,https://leetcode.com/problems/shortest-bridge,
199,Binary Tree Right Side View,Medium,https://leetcode.com/problems/binary-tree-right-side-view,
80,Remove Duplicates from Sorted Array II,Medium,https://leetcode.com/problems/remove-duplicates-from-sorted-array-ii,
1218,Longest Arithmetic Subsequence of Given Difference,Medium,https://leetcode.com/problems/longest-arithmetic-subsequence-of-given-difference,
177,Nth Highest Salary,Medium,https://leetcode.com/problems/nth-highest-salary,
92,Reverse Linked List II,Medium,https://leetcode.com/problems/reverse-linked-list-ii,
1123,Lowest Common Ancestor of Deepest Leaves,Medium,https://leetcode.com/problems/lowest-common-ancestor-of-deepest-leaves,
948,Bag of Tokens,Medium,https://leetcode.com/problems/bag-of-tokens,
487,Max Consecutive Ones II,Medium,https://leetcode.com/problems/max-consecutive-ones-ii,
40,Combination Sum II,Medium,https://leetcode.com/problems/combination-sum-ii,
1447,Simplified Fractions,Medium,https://leetcode.com/problems/simplified-fractions,
467,Unique Substrings in Wraparound String,Medium,https://leetcode.com/problems/unique-substrings-in-wraparound-string,
142,Linked List Cycle II,Medium,https://leetcode.com/problems/linked-list-cycle-ii,
735,Asteroid Collision,Medium,https://leetcode.com/problems/asteroid-collision,
983,Minimum Cost For Tickets,Medium,https://leetcode.com/problems/minimum-cost-for-tickets,
583,Delete Operation for Two Strings,Medium,https://leetcode.com/problems/delete-operation-for-two-strings,
881,Boats to Save People,Medium,https://leetcode.com/problems/boats-to-save-people,
701,Insert into a Binary Search Tree,Medium,https://leetcode.com/problems/insert-into-a-binary-search-tree,
474,Ones and Zeroes,Medium,https://leetcode.com/problems/ones-and-zeroes,
1245,Tree Diameter,Medium,https://leetcode.com/problems/tree-diameter,
103,Binary Tree Zigzag Level Order Traversal,Medium,https://leetcode.com/problems/binary-tree-zigzag-level-order-traversal,
1325,Delete Leaves With a Given Value,Medium,https://leetcode.com/problems/delete-leaves-with-a-given-value,
523,Continuous Subarray Sum,Medium,https://leetcode.com/problems/continuous-subarray-sum,
1300,Sum of Mutated Array Closest to Target,Medium,https://leetcode.com/problems/sum-of-mutated-array-closest-to-target,
494,Target Sum,Medium,https://leetcode.com/problems/target-sum,
1027,Longest Arithmetic Sequence,Medium,https://leetcode.com/problems/longest-arithmetic-sequence,
1105,Filling Bookcase Shelves,Medium,https://leetcode.com/problems/filling-bookcase-shelves,
1233,Remove Sub-Folders from the Filesystem,Medium,https://leetcode.com/problems/remove-sub-folders-from-the-filesystem,
1424,Diagonal Traverse II,Medium,https://leetcode.com/problems/diagonal-traverse-ii,
1267,Count Servers that Communicate,Medium,https://leetcode.com/problems/count-servers-that-communicate,
357,Count Numbers with Unique Digits,Medium,https://leetcode.com/problems/count-numbers-with-unique-digits,
654,Maximum Binary Tree,Medium,https://leetcode.com/problems/maximum-binary-tree,
1026,Maximum Difference Between Node and Ancestor,Medium,https://leetcode.com/problems/maximum-difference-between-node-and-ancestor,
901,Online Stock Span,Medium,https://leetcode.com/problems/online-stock-span,
1167,Minimum Cost to Connect Sticks,Medium,https://leetcode.com/problems/minimum-cost-to-connect-sticks,
468,Validate IP Address,Medium,https://leetcode.com/problems/validate-ip-address,
1079,Letter Tile Possibilities,Medium,https://leetcode.com/problems/letter-tile-possibilities,
814,Binary Tree Pruning,Medium,https://leetcode.com/problems/binary-tree-pruning,
779,K-th Symbol in Grammar,Medium,https://leetcode.com/problems/k-th-symbol-in-grammar,
1530,Number of Good Leaf Nodes Pairs,Medium,https://leetcode.com/problems/number-of-good-leaf-nodes-pairs,
545,Boundary of Binary Tree,Medium,https://leetcode.com/problems/boundary-of-binary-tree,
481,Magical String,Medium,https://leetcode.com/problems/magical-string,
522,Longest Uncommon Subsequence II,Medium,https://leetcode.com/problems/longest-uncommon-subsequence-ii,
526,Beautiful Arrangement,Medium,https://leetcode.com/problems/beautiful-arrangement,
533,Lonely Pixel II,Medium,https://leetcode.com/problems/lonely-pixel-ii,
638,Shopping Offers,Medium,https://leetcode.com/problems/shopping-offers,
651,4 Keys Keyboard,Medium,https://leetcode.com/problems/4-keys-keyboard,
667,Beautiful Arrangement II,Medium,https://leetcode.com/problems/beautiful-arrangement-ii,
756,Pyramid Transition Matrix,Medium,https://leetcode.com/problems/pyramid-transition-matrix,
789,Escape The Ghosts,Medium,https://leetcode.com/problems/escape-the-ghosts,
808,Soup Servings,Medium,https://leetcode.com/problems/soup-servings,
813,Largest Sum of Averages,Medium,https://leetcode.com/problems/largest-sum-of-averages,
816,Ambiguous Coordinates,Medium,https://leetcode.com/problems/ambiguous-coordinates,
838,Push Dominoes,Medium,https://leetcode.com/problems/push-dominoes,
519,Random Flip Matrix,Medium,https://leetcode.com/problems/random-flip-matrix,
916,Word Subsets,Medium,https://leetcode.com/problems/word-subsets,
919,Complete Binary Tree Inserter,Medium,https://leetcode.com/problems/complete-binary-tree-inserter,
954,Array of Doubled Pairs,Medium,https://leetcode.com/problems/array-of-doubled-pairs,
955,Delete Columns to Make Sorted II,Medium,https://leetcode.com/problems/delete-columns-to-make-sorted-ii,
962,Maximum Width Ramp,Medium,https://leetcode.com/problems/maximum-width-ramp,
988,Smallest String Starting From Leaf,Medium,https://leetcode.com/problems/smallest-string-starting-from-leaf,
1059,All Paths from Source Lead to Destination,Medium,https://leetcode.com/problems/all-paths-from-source-lead-to-destination,
1015,Smallest Integer Divisible by K,Medium,https://leetcode.com/problems/smallest-integer-divisible-by-k,
1016,Binary String With Substrings Representing 1 To N,Medium,https://leetcode.com/problems/binary-string-with-substrings-representing-1-to-n,
1020,Number of Enclaves,Medium,https://leetcode.com/problems/number-of-enclaves,
1182,Shortest Distance to Target Color,Medium,https://leetcode.com/problems/shortest-distance-to-target-color,
1090,Largest Values From Labels,Medium,https://leetcode.com/problems/largest-values-from-labels,
1272,Remove Interval,Medium,https://leetcode.com/problems/remove-interval,
1314,Matrix Block Sum,Medium,https://leetcode.com/problems/matrix-block-sum,
1144,Decrease Elements To Make Array Zigzag,Medium,https://leetcode.com/problems/decrease-elements-to-make-array-zigzag,
1302,Deepest Leaves Sum,Medium,https://leetcode.com/problems/deepest-leaves-sum,
1514,Path with Maximum Probability,Medium,https://leetcode.com/problems/path-with-maximum-probability,
1261,Find Elements in a Contaminated Binary Tree,Medium,https://leetcode.com/problems/find-elements-in-a-contaminated-binary-tree,
1270,All People Report to the Given Manager,Medium,https://leetcode.com/problems/all-people-report-to-the-given-manager,
1387,Sort Integers by The Power Value,Medium,https://leetcode.com/problems/sort-integers-by-the-power-value,
1401,Circle and Rectangle Overlapping,Medium,https://leetcode.com/problems/circle-and-rectangle-overlapping,
1414,Find the Minimum Number of Fibonacci Numbers Whose Sum Is K,Medium,https://leetcode.com/problems/find-the-minimum-number-of-fibonacci-numbers-whose-sum-is-k,
1461,Check If a String Contains All Binary Codes of Size K,Medium,https://leetcode.com/problems/check-if-a-string-contains-all-binary-codes-of-size-k,
1452,People Whose List of Favorite Companies Is Not a Subset of Another List,Medium,https://leetcode.com/problems/people-whose-list-of-favorite-companies-is-not-a-subset-of-another-list,
1471,The k Strongest Values in an Array,Medium,https://leetcode.com/problems/the-k-strongest-values-in-an-array,
1482,Minimum Number of Days to Make m Bouquets,Medium,https://leetcode.com/problems/minimum-number-of-days-to-make-m-bouquets,
1488,Avoid Flood in The City,Medium,https://leetcode.com/problems/avoid-flood-in-the-city,
1508,Range Sum of Sorted Subarray Sums,Medium,https://leetcode.com/problems/range-sum-of-sorted-subarray-sums,
1509,Minimum Difference Between Largest and Smallest Value in Three Moves,Medium,https://leetcode.com/problems/minimum-difference-between-largest-and-smallest-value-in-three-moves,
1498,Number of Subsequences That Satisfy the Given Sum Condition,Medium,https://leetcode.com/problems/number-of-subsequences-that-satisfy-the-given-sum-condition,
1503,Last Moment Before All Ants Fall Out of a Plank,Medium,https://leetcode.com/problems/last-moment-before-all-ants-fall-out-of-a-plank,
1525,Number of Good Ways to Split a String,Medium,https://leetcode.com/problems/number-of-good-ways-to-split-a-string,
1513,Number of Substrings With Only 1s,Medium,https://leetcode.com/problems/number-of-substrings-with-only-1s,
1546,Maximum Number of Non-Overlapping Subarrays With Sum Equals Target,Medium,https://leetcode.com/problems/maximum-number-of-non-overlapping-subarrays-with-sum-equals-target,
1506,Find Root of N-Ary Tree,Medium,https://leetcode.com/problems/find-root-of-n-ary-tree,
1538,Guess the Majority in a Hidden Array,Medium,https://leetcode.com/problems/guess-the-majority-in-a-hidden-array,